word_length,pearson_corr,p_value
3,-0.009046600208309177,0.10084389628804918
4,-0.0048756971253528375,0.044252255096371665
5,-0.0009845116783551821,0.6047451811813647
6,0.0011448909024973125,0.49828241572412
7,-0.0065481043765189435,0.0002612786925913547
