word_length,raw_corr,transformed_corr,p_value
3,0.06706566640935128,0.06716648803390379,4.115646702648098e-34
4,0.012951585711718755,0.012952309966365639,9.093472100102453e-08
5,0.02483560833181814,0.02484071648507497,5.6558812951626805e-39
6,0.0229995719918117,0.023003628719701616,3.6951270191152926e-42
7,0.03290306901712202,0.03291495048780212,3.2939382372562386e-75