word_length,raw_corr,transformed_corr,p-value
3,0.06503461097655511,0.06512653233434038,3.5682786708473007e-32
4,0.009350111405332314,0.00935038389615701,0.00011437445327085917
5,0.02452092830768775,0.024525844696090527,4.905868305963342e-38
6,0.024084364615217214,0.024089023001637285,4.626932562740385e-46
7,0.035842550979183076,0.03585791165834992,6.664458884324615e-89
